<?xml version="1.0" encoding="UTF-8"?>
<!DOCTYPE suite SYSTEM "https://testng.org/testng-1.0.dtd">
<suite name="Suite">
  <test thread-count="5" name="Test1">
  <parameter name = "testexecute" value="ksh"/>
    <classes>
      <class name="com.abb.dias.api.automation.test.kshtest.SuiteApiServiceExecutionTest"/>
    </classes>
  </test> <!-- Test -->
   <test thread-count="5" name="Test2">
   <parameter name = "testexecute" value="ph"/>
    <classes>
      <class name="com.abb.dias.api.automation.test.kshtest.SuiteApiServiceExecutionTest"/>
    </classes>
  </test> <!-- Test -->
</suite> <!-- Suite -->
