<?xml version="1.0" encoding="UTF-8"?>
<!DOCTYPE suite SYSTEM "http://testng.org/testng-1.0.dtd">
<suite name="AbbTestAutomation_SanitySuite">
  <test thread-count="5" name="Test">
  <parameter name = "EnviornmentName" value="UAT"/>
  <parameter name = "ModuleName" value="Sanity Pack"/>
  <parameter name = "ExecutionType" value="Sanity"/>
  <parameter name= "BrowserType" value="Chrome"/>
    <classes>
      <class name="com.abb.uiautomation.core.testexecution.SuiteTestExecution"/>
    </classes>
  </test> <!-- Test -->
</suite> <!-- Suite -->
