{
  "Environment": [
	{
	"name" : "UAT"
	"sourceURL" : "https://genix-uat-r01.westeurope.cloudapp.azure.com/dacapp/dac/App/applications/All"
	"TestSuiteFileLocation" : "C:\Abbuiautomation\SanityTestsuitePOM_Vtemp.xlsx"
	"DBhostname" : "sqldb-cdm-dias-uat-r1-server.database.windows.net"
	"Dbdatabasename" : "sqldb-cdm-uat-r1-0-db"
	"DBUser" : "diasapprwuser"
	"DBpassword" : "Uat$Plat@rw!20"
	"sqlserverport" : "1433"
	"sqlserverjdbc" : "jdbc:sqlserver://"
	}
	{
	"name" : "Pilot"
	"sourceURL" : "https://genix-uat-r01.westeurope.cloudapp.azure.com/dacapp/dac/App/applications/All"
	"TestSuiteFileLocation" : "C:\Abbuiautomation\SanityTestsuitePOM_Vtemp.xlsx"
	"DBhostname" : "sqldb-cdm-dias-uat-r1-server.database.windows.net"
	"Dbdatabasename" : "sqldb-cdm-uat-r1-0-db"
	"DBUser" : "diasapprwuser"
	"DBpassword" : "Uat$Plat@rw!20"
	"sqlserverport" : "1433"
	"sqlserverjdbc" : "jdbc:sqlserver://"
	}
	]
}
    