{
  "Environment": [
	{
	"name" : "UAT"
	"Browser"	: "Chorme,IntenerExplorer,ChromeIncognito"
	"OperatingSystem" : "Windows"
	"Language"	: "English,French"
	"sourceURL" : "https://genix-uat-r01.westeurope.cloudapp.azure.com/dacapp/dac/App/applications/All"
	"TestSuiteFileLocation" : "C:\Abbuiautomation\SanityTestsuitePOM_Vtemp.xlsx"
	"TestReportLocation" : "C:\Abbuiautomation\Reports\TestExecutioReport_<DDMMYYY_HHMMSS>.htm"
	"TestLogLocation" : 	"C:\Abbuiautomation\Logs\TestExecutioLog_<DDMMYYY_HHMMSS>.log"
	"DBhostname" : "sqldb-cdm-dias-uat-r1-server.database.windows.net"
	"Dbdatabasename" : "sqldb-cdm-uat-r1-0-db"
	"DBUser" : "diasapprwuser"
	"DBpassword" : "Uat$Plat@rw!20"
	"sqlserverport" : "1433"
	"sqlserverjdbc" : "jdbc:sqlserver://"
	}
	{
	"name" : "Pilot"
	"Browser"	: "Chorme,IntenerExplorer,ChromeIncognito"
	"OperatingSystem" : "Windows,Linux"
	"Language"	: "English"
	"sourceURL" : "https://genix-uat-r01.westeurope.cloudapp.azure.com/dacapp/dac/App/applications/All"
	"TestSuiteFileLocation" : "C:\Abbuiautomation\SanityTestsuitePOM_Vtemp.xlsx"
	"TestReportLocation" : "C:\Abbuiautomation\Reports\TestExecutioReport_<DDMMYYY_HHMMSS>.htm"
	"TestLogLocation" : 	"C:\Abbuiautomation\Logs\TestExecutioLog_<DDMMYYY_HHMMSS>.log"
	"TestSuiteFileLocation" : "C:\Abbuiautomation\SanityTestsuitePOM_Vtemp.xlsx"
	"DBhostname" : "sqldb-cdm-dias-uat-r1-server.database.windows.net"
	"Dbdatabasename" : "sqldb-cdm-uat-r1-0-db"
	"DBUser" : "diasapprwuser"
	"DBpassword" : "Uat$Plat@rw!20"
	"sqlserverport" : "1433"
	"sqlserverjdbc" : "jdbc:sqlserver://"
	}
	]
}
    